age,record_count,total_quantity,avg_quantity,min_quantity,max_quantity
twenty,51,101.03225806451614,1.98,1.0,3.0
abc,14,29.70967741935484,2.12,1.0,3.0
30,16,28.70967741935484,1.79,1.0,3.0
25,12,21.85483870967742,1.82,1.0,3.0
35,7,13.854838709677418,1.98,1.0,3.0
